<?xml version="1.0" encoding="UTF-8"?>
<project-private xmlns="http://www.netbeans.org/ns/project-private/1">
    <editor-bookmarks xmlns="http://www.netbeans.org/ns/editor-bookmarks/2" lastBookmarkId="1">
        <file>
            <url>src/pms/Login.java</url>
            <bookmark id="1">
                <name/>
                <line>347</line>
                <key/>
            </bookmark>
        </file>
    </editor-bookmarks>
    <open-files xmlns="http://www.netbeans.org/ns/projectui-open-files/2">
        <group>
            <file>file:/Users/jiangbing/Google%20云端硬盘/level2/part1/CT038-3-2-OODJ/OODJ%20Assignment/OODJ%20Assignment/PMS/src/pms/Customer.java</file>
            <file>file:/Users/jiangbing/Google%20云端硬盘/level2/part1/CT038-3-2-OODJ/OODJ%20Assignment/OODJ%20Assignment/PMS/src/pms/Pharmacist.java</file>
            <file>file:/Users/jiangbing/Google%20云端硬盘/level2/part1/CT038-3-2-OODJ/OODJ%20Assignment/OODJ%20Assignment/PMS/src/pms/Loading.java</file>
            <file>file:/Users/jiangbing/Google%20云端硬盘/level2/part1/CT038-3-2-OODJ/OODJ%20Assignment/OODJ%20Assignment/PMS/src/pms/Login.java</file>
            <file>file:/Users/jiangbing/Google%20云端硬盘/level2/part1/CT038-3-2-OODJ/OODJ%20Assignment/OODJ%20Assignment/PMS/src/pms/Main.java</file>
            <file>file:/Users/jiangbing/Google%20云端硬盘/level2/part1/CT038-3-2-OODJ/OODJ%20Assignment/OODJ%20Assignment/PMS/src/pms/Admin.java</file>
        </group>
    </open-files>
</project-private>
